Size,Sequential,Multicore,GPU,Speedup_Multicore,Speedup_GPU
64,0.0457465,0.0148695,0.394765,3.07653249941154712666,.11588286702215241979
128,0.0462323,0.0146785,0.378648,3.14966106891031099908,.12209836048255899938
256,0.0465642,0.0151273,0.319943,3.07815671005400831609,.14553904914312861978
512,0.0460722,0.0146724,0.302208,3.14005888607180829312,.15245195362134688691
