Size,Sequential,Multicore,GPU,Speedup_Multicore,Speedup_GPU
64,0.0442807,0.014314,0.323931,3.09352382283079502584,.13669793875856278034
128,0.045173,0.0149237,0.309404,3.02693031888874742858,.14600005171232433969
256,0.0479269,0.014477,0.307739,3.31055467292947433860,.15573879163836887752
512,0.0450093,0.0152552,0.291177,2.95042346216372122292,.15457711289009777557
